{
  "IcoMoonType": "selection",
  "icons": [
    {
      "icon": {
        "paths": [
          "M979.297 676.273c-10.908 10.998-23.886 19.726-38.184 25.683s-29.635 9.024-45.124 9.024c-15.489 0-30.825-3.067-45.124-9.024-14.298-5.957-27.276-14.685-38.182-25.683l-537.388-538.56c-10.908-10.998-23.885-19.726-38.184-25.683-14.298-5.957-29.635-9.024-45.124-9.024s-30.825 3.067-45.124 9.024c-14.298 5.957-27.275 14.686-38.182 25.683-21.854 21.984-34.12 51.722-34.12 82.72s12.266 60.736 34.12 82.72l538.561 538.56c65.999 65.919 155.466 102.944 248.746 102.944s182.747-37.025 248.748-102.944l538.565-538.56c21.67-21.855 33.894-51.352 34.022-82.134 0.090-15.442-2.867-30.749-8.704-45.044-5.85-14.296-14.451-27.299-25.318-38.262-10.918-10.998-23.885-19.726-38.182-25.683s-29.645-9.024-45.133-9.024c-15.488 0-30.822 3.067-45.12 9.024s-27.277 14.686-38.182 25.683l-537.388 538.56z"
        ],
        "attrs": [
          {
            "fill": "rgb(253, 146, 34)"
          }
        ],
        "width": 1792,
        "isMulticolor": false,
        "isMulticolor2": false,
        "grid": 0,
        "tags": [
          "Vector"
        ]
      },
      "attrs": [
        {
          "fill": "rgb(253, 146, 34)"
        }
      ],
      "properties": {
        "order": 2,
        "id": 0,
        "name": "Vector",
        "prevSize": 32
      },
      "setIdx": 0,
      "setId": 13,
      "iconIdx": 0
    }
  ],
  "height": 1024,
  "preferences": {
    "showGlyphs": true,
    "showQuickUse": true,
    "showQuickUse2": false,
    "showSVGs": true,
    "fontPref": {
      "prefix": "icon-",
      "metadata": {
        "fontFamily": "icomoon"
      },
      "metrics": {
        "emSize": 1024,
        "baseline": 6.25,
        "whitespace": 50
      },
      "embed": false
    },
    "imagePref": {
      "prefix": "iconsTarget",
      "png": true,
      "useClassSelector": true,
      "color": 0,
      "bgColor": 16777215,
      "classSelector": ".icon",
      "name": "clientes",
      "autoHost": true,
      "height": 32,
      "columns": 16,
      "margin": 16
    },
    "historySize": 50,
    "showCodes": true,
    "gridSize": 16,
    "quickUsageToken": {
      "UntitledProject": "ODc1ZGNlMDNhMiMxNjk3MDgzNTczI0VOTkRRaEt5ajYwb3Q5ZGZSMjlVTWhWcFloM1I0d1Yxd29OWG41cjQ0NThn"
    },
    "showGrid": true
  }
}