{
  "IcoMoonType": "selection",
  "icons": [
    {
      "icon": {
        "paths": [
          "M1177.6 51.203c-49.029 34.584-103.316 61.036-160.768 78.336-30.838-35.455-71.818-60.585-117.402-71.991s-93.568-8.536-137.467 8.219c-43.899 16.756-81.597 46.589-107.986 85.466-26.394 38.877-40.207 84.921-39.578 131.906v51.2c-89.979 2.333-179.135-17.623-259.532-58.089s-175.139-136.825-226.868-210.483c0 0-179.2 497.434 281.6 702.234-105.445 71.578-231.057 107.469-358.4 102.4 460.8 256 1024 0 1024-588.797-0.046-14.262-1.418-28.488-4.096-42.496 52.255-51.533 89.129-116.597 106.496-187.904z"
        ],
        "attrs": [
          {
            "fill": "none",
            "strokeLinejoin": "round",
            "strokeLinecap": "round",
            "strokeMiterlimit": "4",
            "strokeWidth": 102.4
          }
        ],
        "width": 1229,
        "isMulticolor": false,
        "isMulticolor2": false,
        "grid": 0,
        "tags": [
          "twter"
        ],
        "colorPermutations": {
          "17517718412552552551": [
            {}
          ]
        }
      },
      "attrs": [
        {
          "fill": "none",
          "strokeLinejoin": "round",
          "strokeLinecap": "round",
          "strokeMiterlimit": "4",
          "strokeWidth": 102.4
        }
      ],
      "properties": {
        "order": 21,
        "id": 4,
        "name": "twter",
        "prevSize": 32
      },
      "setIdx": 7,
      "setId": 4,
      "iconIdx": 1
    }
  ],
  "height": 1024,
  "preferences": {
    "showGlyphs": true,
    "showQuickUse": true,
    "showQuickUse2": false,
    "showSVGs": true,
    "fontPref": {
      "prefix": "icon-",
      "metadata": {
        "fontFamily": "icomoon"
      },
      "metrics": {
        "emSize": 1024,
        "baseline": 6.25,
        "whitespace": 50
      },
      "embed": false
    },
    "imagePref": {
      "prefix": "iconsTarget",
      "png": true,
      "useClassSelector": true,
      "color": 0,
      "bgColor": 16777215,
      "classSelector": ".icon",
      "name": "clientes",
      "autoHost": true,
      "height": 32,
      "columns": 16,
      "margin": 16
    },
    "historySize": 50,
    "showCodes": true,
    "gridSize": 16,
    "quickUsageToken": {
      "UntitledProject": "YjM2ZmQxNzkwMyMxNjk2OTA1MjEwI3RPNkxaUVUwSFR4d1FOU25QUEZRRzVNMWJZRzNMQ2h5WlR6b3lzL1F6WlY1"
    }
  }
}